ht_new,ln_ht_new,u_new,v_new,ws_new,,ht_old,ln_ht_old,u_old,v_old,ws_old,,ws_adj,,,ln_ht_old_old,ht,,,u,v,ws_old_old,,ht_new_new,temp,moisture,u_new_new,v_new_new,ws_new_new,ln_ht
5.46,1.70,7.70,-9.40,12.14930533,,5.28,1.663926098,5.40,-6.70,8.605230967,,12.14930533,,,1.663926098,5.28,289.07,3.939,5.4,-6.7,8.605230967,,5.46,288.12,3.94,7.70,-9.40,12.14930533,1.69744879
10.00,2.30,8.12,-10.92,13.60811523,,5.33,1.673351238,5.33,-6.34,8.279721976,,13.60811523,,,1.673351238,5.33,288.23,3.939,5.33,-6.336,8.279721976,,10.00,284.91,3.94,8.12,-10.92,13.60811523,2.302585093
20.00,3.00,9.97,-13.78,17.0085067,,5.77,1.752672081,6.66,-8.20,10.56388186,,17.0085067,,,1.752672081,5.77,287.05,3.939,6.66,-8.2,10.56388186,,20.00,285.11,3.94,9.97,-13.78,17.0085067,2.995732274
259.9,5.56,7.10,-9.42,11.79603323,,10,2.302585093,6.33,-8.51,10.60608316,,17.05070799,,,2.302585093,10,284.91,3.94,6.33,-8.51,10.60608316,,259.9,282.35,2.878,7.1,-9.42,16.89475823,5.560296942
266.3,5.58,7.18,-9.49,11.90010504,,20,2.995732274,6.98,-9.65,11.90978169,,18.35440653,,,2.995732274,20,285.11,3.943,6.98,-9.65,11.90978169,,266.3,282.1,2.88,7.18,-9.49,16.99883004,5.584623493
272.7,5.61,7.32,-9.64,12.10421414,,259.9,5.560296942,7.10,-9.42,11.79603323,,18.24065806,,,5.560296942,259.9,282.35,2.878,7.1,-9.42,11.79603323,,272.7,281.94,2.881,7.32,-9.64,17.20293914,5.60837229
279,5.63,7.38,-9.72,12.20421239,,266.3,5.584623493,7.18,-9.49,11.90010504,,18.34472987,,,5.584623493,266.3,282.1,2.88,7.18,-9.49,11.90010504,,279,281.78,2.882,7.38,-9.72,17.30293739,5.631211782
285.4,5.65,7.45,-9.78,12.29434423,,272.7,5.60837229,7.32,-9.64,12.10421414,,18.54883898,,,5.60837229,272.7,281.94,2.881,7.32,-9.64,12.10421414,,285.4,281.72,2.882,7.45,-9.78,17.39306923,5.653891705
291.8,5.68,7.53,-9.85,12.39852411,,279,5.631211782,7.38,-9.72,12.20421239,,18.64883722,,,5.631211782,279,281.78,2.882,7.38,-9.72,12.20421239,,291.8,281.56,2.883,7.53,-9.85,17.49724911,5.676068636
298.2,5.70,7.61,-9.92,12.5027397,,285.4,5.653891705,7.45,-9.78,12.29434423,,18.73896906,,,5.653891705,285.4,281.72,2.882,7.45,-9.78,12.29434423,,298.2,281.41,2.883,7.61,-9.92,17.6014647,5.697764402
304.5,5.72,7.67,-10.00,12.60273383,,291.8,5.676068636,7.53,-9.85,12.39852411,,18.84314894,,,5.676068636,291.8,281.56,2.883,7.53,-9.85,12.39852411,,304.5,281.34,2.884,7.67,-10,17.70145883,5.718671087
310.9,5.74,7.75,-10.06,12.69905902,,298.2,5.697764402,7.61,-9.92,12.5027397,,18.94736453,,,5.697764402,298.2,281.41,2.883,7.61,-9.92,12.5027397,,310.9,281.18,2.885,7.75,-10.06,17.79778402,5.739471317
317.3,5.76,7.89,-10.21,12.90334065,,304.5,5.718671087,7.67,-10.00,12.60273383,,19.04735866,,,5.718671087,304.5,281.34,2.884,7.67,-10,12.60273383,,317.3,281.13,2.885,7.89,-10.21,18.00206565,5.759847699
323.6,5.78,7.97,-10.27,12.99976154,,310.9,5.739471317,7.75,-10.06,12.69905902,,19.14368385,,,5.739471317,310.9,281.18,2.885,7.75,-10.06,12.69905902,,323.6,280.97,2.886,7.97,-10.27,18.09848654,5.779508185
330,5.80,8.03,-10.35,13.09974809,,317.3,5.759847699,7.89,-10.21,12.90334065,,19.34796549,,,5.759847699,317.3,281.13,2.885,7.89,-10.21,12.90334065,,330,280.9,2.886,8.03,-10.35,18.19847309,5.799092654
336.4,5.82,8.11,-10.42,13.20410921,,323.6,5.779508185,7.97,-10.27,12.99976154,,19.44438637,,,5.779508185,323.6,280.97,2.886,7.97,-10.27,12.99976154,,336.4,280.75,2.887,8.11,-10.42,18.30283421,5.818300928
342.8,5.84,8.19,-10.48,13.30062029,,330,5.799092654,8.03,-10.35,13.09974809,,19.54437292,,,5.799092654,330,280.9,2.886,8.03,-10.35,13.09974809,,342.8,280.59,2.888,8.19,-10.48,18.39934529,5.837147187
349.2,5.86,8.25,-10.56,13.40060073,,336.4,5.818300928,8.11,-10.42,13.20410921,,19.64873404,,,5.818300928,336.4,280.75,2.887,8.11,-10.42,13.20410921,,349.2,280.53,2.888,8.25,-10.56,18.49932573,5.855644824
355.7,5.87,8.39,-10.70,13.59713573,,342.8,5.837147187,8.19,-10.48,13.30062029,,19.74524512,,,5.837147187,342.8,280.59,2.888,8.19,-10.48,13.30062029,,355.7,280.37,2.889,8.39,-10.7,18.69586073,5.874087679
362.3,5.89,8.45,-10.78,13.69711283,,349.2,5.855644824,8.25,-10.56,13.40060073,,19.84522557,,,5.855644824,349.2,280.53,2.888,8.25,-10.56,13.40060073,,362.3,280.31,2.889,8.45,-10.78,18.79583784,5.892472598
368.80,5.91,8.49,-10.75,13.69826996,,355.7,5.874087679,8.39,-10.70,13.59713573,,20.04176056,,,5.874087679,355.7,280.37,2.889,8.39,-10.7,13.59713573,,368.8,280.16,2.89,8.49,-10.75,18.79699496,5.910254492
375.30,5.93,8.53,-10.72,13.69960948,,362.3,5.892472598,8.45,-10.78,13.69711283,,20.14173767,,,5.892472598,362.3,280.31,2.889,8.45,-10.78,13.69711283,,375.3,280,2.891,8.53,-10.72,18.79833448,5.927725706
,,,,,,,,,,,,,,,5.910254492,368.8,280.16,2.89,8.49,-10.75,13.69826996,,381.9,279.93,2.891,8.57,-10.69,18.79985634,5.945158794
,,,,,,,,,,,,,,,5.927725706,375.3,280,2.891,8.53,-10.72,13.69960948,,388.4,279.78,2.892,8.58,-10.68,18.79831624,5.962035736
,,,,,,,,,,,,,,,5.945158794,381.9,279.93,2.891,8.57,-10.69,13.70113134,,394.9,279.72,2.892,8.62,-10.65,18.80007165,5.978632568
,,,,,,,,,,,,,,,5.962035736,388.4,279.78,2.892,8.58,-10.68,13.69959123,,401.5,279.56,2.893,8.66,-10.62,18.80200928,5.995207533
,,,,,,,,,,,,,,,5.978632568,394.9,279.72,2.892,8.62,-10.65,13.70134665,,408,279.41,2.894,8.63,-10.51,18.69787939,6.011267174
,,,,,,,,,,,,,,,5.995207533,401.5,279.56,2.893,8.66,-10.62,13.70328428,,414.5,279.34,2.894,8.65,-10.49,18.69514365,6.027072975
,,,,,,,,,,,,,,,6.011267174,408,279.41,2.894,8.63,-10.51,13.59915439,,421.1,279.18,2.895,8.69,-10.46,18.69753745,6.042870335
,,,,,,,,,,,,,,,6.027072975,414.5,279.34,2.894,8.65,-10.49,13.59641865,,427.6,279.13,2.895,8.72,-10.43,18.69369834,6.058188179
,,,,,,,,,,,,,,,6.042870335,421.1,279.18,2.895,8.69,-10.46,13.59881245,,432.7,278.97,2.896,8.76,-10.4,18.69643069,6.070044647
,,,,,,,,,,,,,,,6.058188179,427.6,279.13,2.895,8.72,-10.43,13.59497334,,437.2,278.81,2.897,8.78,-10.39,18.70168424,6.080390756
,,,,,,,,,,,,,,,6.070044647,432.7,278.97,2.896,8.76,-10.4,13.59770569,,441.8,278.76,2.897,8.81,-10.36,18.69819926,6.090857291
,,,,,,,,,,,,,,,6.080390756,437.2,278.81,2.897,8.78,-10.39,13.60295924,,446.3,278.59,2.898,8.85,-10.33,18.70134975,6.100991372
,,,,,,,,,,,,,,,6.090857291,441.8,278.76,2.897,8.81,-10.36,13.59947425,,450.9,278.55,2.898,8.89,-10.3,18.70468325,6.111245585
,,,,,,,,,,,,,,,6.100991372,446.3,278.59,2.898,8.85,-10.33,13.60262475,,455.4,278.41,2.899,8.9,-10.28,18.69609239,6.121176154
,,,,,,,,,,,,,,,6.111245585,450.9,278.55,2.898,8.89,-10.3,13.60595825,,460,278.27,2.9,8.94,-10.25,18.69968453,6.131226489
,,,,,,,,,,,,,,,6.121176154,455.4,278.41,2.899,8.9,-10.28,13.59736739,,464.5,278.23,2.9,8.98,-10.22,18.70345947,6.140961558
,,,,,,,,,,,,,,,6.131226489,460,278.27,2.9,8.94,-10.25,13.60095952,,469.1,278.09,2.901,9.01,-10.19,18.70079102,6.150815965
,,,,,,,,,,,,,,,6.140961558,464.5,278.23,2.9,8.98,-10.22,13.60473447,,473.6,278.05,2.901,9.03,-10.17,18.69908529,6.160363084
,,,,,,,,,,,,,,,6.150815965,469.1,278.09,2.901,9.01,-10.19,13.60206602,,478.2,277.91,2.902,9.06,-10.14,18.69663661,6.170029055
,,,,,,,,,,,,,,,6.160363084,473.6,278.05,2.901,9.03,-10.17,13.60036029,,482.7,277.77,2.903,9.1,-10.11,18.7010079,6.179395343
,,,,,,,,,,,,,,,6.170029055,478.2,277.91,2.902,9.06,-10.14,13.5979116,,487.3,277.73,2.903,9.14,-10.07,18.69815514,6.18887995
,,,,,,,,,,,,,,,6.179395343,482.7,277.77,2.903,9.1,-10.11,13.6022829,,491.6,277.59,2.904,9.17,-10.04,18.69616961,6.197665378
,,,,,,,,,,,,,,,6.18887995,487.3,277.73,2.903,9.14,-10.07,13.59943014,,495.8,277.54,2.904,9.19,-10.03,18.70229071,6.20617262
,,,,,,,,,,,,,,,6.197665378,491.6,277.59,2.904,9.17,-10.04,13.59744461,,499.9,277.4,2.905,9.22,-9.99,18.69315401,6.214408078
,,,,,,,,,,,,,,,6.20617262,495.8,277.54,2.904,9.19,-10.03,13.60356571,,504.1,277.36,2.905,9.26,-9.96,18.69832794,6.222774661
,,,,,,,,,,,,,,,6.214408078,499.9,277.4,2.905,9.22,-9.99,13.59442901,,508.2,277.22,2.906,9.29,-9.93,18.69684987,6.230875071
,,,,,,,,,,,,,,,6.222774661,504.1,277.36,2.905,9.26,-9.96,13.59960294,,512.4,277.18,2.906,9.31,-9.91,18.69593795,6.23910557
,,,,,,,,,,,,,,,6.230875071,508.2,277.22,2.906,9.29,-9.93,13.59812487,,516.5,277.14,2.906,9.34,-9.88,18.69468028,6.247075289
,,,,,,,,,,,,,,,6.23910557,512.4,277.18,2.906,9.31,-9.91,13.59721295,,520.7,277,2.907,9.38,-9.85,18.70044916,6.25517406
,,,,,,,,,,,,,,,6.247075289,516.5,277.14,2.906,9.34,-9.88,13.59595528,,524.8,276.96,2.907,9.41,-9.82,18.69947866,6.263017238
,,,,,,,,,,,,,,,6.25517406,520.7,277,2.907,9.38,-9.85,13.60172416,,529,276.92,2.907,9.45,-9.78,18.69839044,6.270988432
,,,,,,,,,,,,,,,6.263017238,524.8,276.96,2.907,9.41,-9.82,13.60075366,,533.1,276.78,2.908,9.46,-9.77,18.69815514,6.278709024
,,,,,,,,,,,,,,,6.270988432,529,276.92,2.907,9.45,-9.78,13.59966544,,537.2,276.74,2.908,9.5,-9.73,18.69736096,6.286370465
,,,,,,,,,,,,,,,6.278709024,533.1,276.78,2.908,9.46,-9.77,13.59943014,,541.4,276.7,2.908,9.53,-9.7,18.69691973,6.294158377
,,,,,,,,,,,,,,,6.286370465,537.2,276.74,2.908,9.5,-9.73,13.59863596,,545.4,276.56,2.909,9.57,-9.67,18.70364323,6.30151947
,,,,,,,,,,,,,,,6.294158377,541.4,276.7,2.908,9.53,-9.7,13.59819473,,549.2,276.52,2.909,9.6,-9.63,18.69640495,6.308462674
,,,,,,,,,,,,,,,6.30151947,545.4,276.56,2.909,9.57,-9.67,13.60491823,,553,276.39,2.91,9.63,-9.6,18.69640495,6.315358002
,,,,,,,,,,,,,,,6.308462674,549.2,276.52,2.909,9.6,-9.63,13.59767995,,556.7,276.36,2.91,9.65,-9.58,18.69647849,6.322026495
,,,,,,,,,,,,,,,6.315358002,553,276.39,2.91,9.63,-9.6,13.59767995,,560.5,276.32,2.91,9.68,-9.55,18.69669911,6.328829243
,,,,,,,,,,,,,,,6.322026495,556.7,276.36,2.91,9.65,-9.58,13.59775349,,564.3,276.18,2.911,9.72,-9.52,18.70419449,6.335586025
,,,,,,,,,,,,,,,6.328829243,560.5,276.32,2.91,9.68,-9.55,13.59797411,,568.1,276.15,2.911,9.75,-9.48,18.69772864,6.34229746
,,,,,,,,,,,,,,,6.335586025,564.3,276.18,2.911,9.72,-9.52,13.60546949,,571.9,276.12,2.911,9.78,-9.45,18.69839044,6.348964151
,,,,,,,,,,,,,,,6.34229746,568.1,276.15,2.911,9.75,-9.48,13.59900364,,575.6,275.98,2.912,9.82,-9.41,18.69947866,6.355412975
,,,,,,,,,,,,,,,6.348964151,571.9,276.12,2.911,9.78,-9.45,13.59966544,,579.4,275.95,2.912,9.83,-9.4,18.69978746,6.361993085
,,,,,,,,,,,,,,,6.355412975,575.6,275.98,2.912,9.82,-9.41,13.60075366,,583.2,275.91,2.912,9.87,-9.36,18.70116963,6.368530181
,,,,,,,,,,,,,,,6.361993085,579.4,275.95,2.912,9.83,-9.4,13.60106246,,587,275.78,2.913,9.9,-9.33,18.70236054,6.37502482
,,,,,,,,,,,,,,,6.368530181,583.2,275.91,2.912,9.87,-9.36,13.60244463,,590.8,275.74,2.913,9.93,-9.29,18.69684987,6.381477551
,,,,,,,,,,,,,,,6.37502482,587,275.78,2.913,9.9,-9.33,13.60363554,,594.5,275.71,2.913,9.96,-9.26,18.69832794,6.387720716
,,,,,,,,,,,,,,,6.381477551,590.8,275.74,2.913,9.93,-9.29,13.59812487,,598.2,275.57,2.914,9.99,-9.22,18.69315401,6.393925146
,,,,,,,,,,,,,,,6.387720716,594.5,275.71,2.913,9.96,-9.26,13.59960294,,601.8,275.53,2.914,10.03,-9.19,18.70229071,6.399925164
,,,,,,,,,,,,,,,6.393925146,598.2,275.57,2.914,9.99,-9.22,13.59442901,,605.5,275.5,2.914,10.04,-9.17,18.69616961,6.406054563
,,,,,,,,,,,,,,,6.399925164,601.8,275.53,2.914,10.03,-9.19,13.60356571,,609.2,275.37,2.915,10.07,-9.14,18.69815514,6.412146621
,,,,,,,,,,,,,,,6.406054563,605.5,275.5,2.914,10.04,-9.17,13.59744461,,612.8,275.33,2.915,10.11,-9.1,18.7010079,6.418038618
,,,,,,,,,,,,,,,6.412146621,609.2,275.37,2.915,10.07,-9.14,13.59943014,,616.5,275.29,2.915,10.14,-9.06,18.69663661,6.424058323
,,,,,,,,,,,,,,,6.418038618,612.8,275.33,2.915,10.11,-9.1,13.6022829,,620.2,275.16,2.916,10.17,-9.03,18.69908529,6.430042007
,,,,,,,,,,,,,,,6.424058323,616.5,275.29,2.915,10.14,-9.06,13.5979116,,623.8,275.13,2.916,10.2,-8.99,18.69505171,6.435829804
,,,,,,,,,,,,,,,6.430042007,620.2,275.16,2.916,10.17,-9.03,13.60036029,,627.5,274.99,2.917,10.22,-8.98,18.70345947,6.441743671
,,,,,,,,,,,,,,,6.435829804,623.8,275.13,2.916,10.2,-8.99,13.59632671,,631.2,274.96,2.918,10.25,-8.94,18.69968453,6.44762277
,,,,,,,,,,,,,,,6.441743671,627.5,274.99,2.917,10.22,-8.98,13.60473447,,634.8,274.91,2.918,10.25,-8.94,18.69968453,6.453309989
,,,,,,,,,,,,,,,6.44762277,631.2,274.96,2.918,10.25,-8.94,13.60095952,,638.5,274.78,2.919,10.25,-8.94,18.69968453,6.459121675
,,,,,,,,,,,,,,,6.453309989,634.8,274.91,2.918,10.25,-8.94,13.60095952,,642.6,274.74,2.919,10.25,-8.94,18.69968453,6.465522447
,,,,,,,,,,,,,,,6.459121675,638.5,274.78,2.919,10.25,-8.94,13.60095952,,646.8,274.7,2.919,10.26,-8.92,18.69409186,6.472037128
,,,,,,,,,,,,,,,6.465522447,642.6,274.74,2.919,10.25,-8.94,13.60095952,,650.9,274.57,2.92,10.26,-8.92,18.69409186,6.478356021
,,,,,,,,,,,,,,,6.472037128,646.8,274.7,2.919,10.26,-8.92,13.59536686,,655.1,274.53,2.92,10.26,-8.92,18.69409186,6.484787896
,,,,,,,,,,,,,,,6.478356021,650.9,274.57,2.92,10.26,-8.92,13.59536686,,659.2,274.49,2.92,10.26,-8.92,18.69409186,6.491026979
,,,,,,,,,,,,,,,6.484787896,655.1,274.53,2.92,10.26,-8.92,13.59536686,,663.4,274.35,2.921,10.26,-8.92,18.69409186,6.497378127
,,,,,,,,,,,,,,,6.491026979,659.2,274.49,2.92,10.26,-8.92,13.59536686,,667.5,274.31,2.921,10.26,-8.92,18.69409186,6.50353939
,,,,,,,,,,,,,,,6.497378127,663.4,274.35,2.921,10.26,-8.92,13.59536686,,671.6,274.28,2.921,10.26,-8.92,18.69409186,6.509662925
,,,,,,,,,,,,,,,6.50353939,667.5,274.31,2.921,10.26,-8.92,13.59536686,,675.8,274.14,2.922,10.26,-8.92,18.69409186,6.515897174
,,,,,,,,,,,,,,,6.509662925,671.6,274.28,2.921,10.26,-8.92,13.59536686,,679.9,274.1,2.922,10.26,-8.92,18.69409186,6.521945729
,,,,,,,,,,,,,,,6.515897174,675.8,274.14,2.922,10.26,-8.92,13.59536686,,684.1,274.06,2.922,10.26,-8.92,18.69409186,6.528104106
,,,,,,,,,,,,,,,6.521945729,679.9,274.1,2.922,10.26,-8.92,13.59536686,,688.2,273.92,2.923,10.26,-8.92,18.69409186,6.534079493
,,,,,,,,,,,,,,,6.528104106,684.1,274.06,2.922,10.26,-8.92,13.59536686,,692.1,273.89,2.923,10.26,-8.92,18.69409186,6.539730454
,,,,,,,,,,,,,,,6.534079493,688.2,273.92,2.923,10.26,-8.92,13.59536686,,695.9,273.86,2.923,10.26,-8.92,18.69409186,6.545205972
,,,,,,,,,,,,,,,6.539730454,692.1,273.89,2.923,10.26,-8.92,13.59536686,,699.7,273.73,2.924,10.26,-8.92,18.69409186,6.550651672
,,,,,,,,,,,,,,,6.545205972,695.9,273.86,2.923,10.26,-8.92,13.59536686,,703.5,273.69,2.924,10.26,-8.92,18.69409186,6.556067877
,,,,,,,,,,,,,,,6.550651672,699.7,273.73,2.924,10.26,-8.92,13.59536686,,707.3,273.66,2.924,10.28,-8.9,18.69609239,6.561454904
,,,,,,,,,,,,,,,6.556067877,703.5,273.69,2.924,10.26,-8.92,13.59536686,,711.1,273.53,2.925,10.28,-8.9,18.69609239,6.566813067
,,,,,,,,,,,,,,,6.561454904,707.3,273.66,2.924,10.28,-8.9,13.59736739,,714.9,273.49,2.925,10.28,-8.9,18.69609239,6.572142673
,,,,,,,,,,,,,,,6.566813067,711.1,273.53,2.925,10.28,-8.9,13.59736739,,718.7,273.45,2.925,10.28,-8.9,18.69609239,6.577444024
,,,,,,,,,,,,,,,6.572142673,714.9,273.49,2.925,10.28,-8.9,13.59736739,,722.5,273.32,2.926,10.28,-8.9,18.69609239,6.58271742
,,,,,,,,,,,,,,,6.577444024,718.7,273.45,2.925,10.28,-8.9,13.59736739,,726.3,273.29,2.926,10.28,-8.9,18.69609239,6.587963153
,,,,,,,,,,,,,,,6.58271742,722.5,273.32,2.926,10.28,-8.9,13.59736739,,730.1,273.25,2.926,10.28,-8.9,18.69609239,6.593181511
,,,,,,,,,,,,,,,6.587963153,726.3,273.29,2.926,10.28,-8.9,13.59736739,,733.9,273.12,2.927,10.28,-8.9,18.69609239,6.59837278
,,,,,,,,,,,,,,,6.593181511,730.1,273.25,2.926,10.28,-8.9,13.59736739,,737.7,273.09,2.927,10.28,-8.9,18.69609239,6.603537238
,,,,,,,,,,,,,,,6.59837278,733.9,273.12,2.927,10.28,-8.9,13.59736739,,741.4,273.05,2.927,10.28,-8.9,18.69609239,6.608540291
,,,,,,,,,,,,,,,6.603537238,737.7,273.09,2.927,10.28,-8.9,13.59736739,,744.8,272.92,2.928,10.28,-8.9,18.69609239,6.613115726
,,,,,,,,,,,,,,,6.608540291,741.4,273.05,2.927,10.28,-8.9,13.59736739,,748.2,272.89,2.928,10.28,-8.9,18.69609239,6.617670322
,,,,,,,,,,,,,,,6.613115726,744.8,272.92,2.928,10.28,-8.9,13.59736739,,751.6,272.86,2.928,10.3,-8.89,18.70468325,6.622204268
,,,,,,,,,,,,,,,6.617670322,748.2,272.89,2.928,10.28,-8.9,13.59736739,,755.1,272.73,2.929,10.31,-8.87,18.69920293,6.626850191
,,,,,,,,,,,,,,,6.622204268,751.6,272.86,2.928,10.3,-8.89,13.60595825,,758.5,272.69,2.929,10.31,-8.87,18.69920293,6.631342799
,,,,,,,,,,,,,,,6.626850191,755.1,272.73,2.929,10.31,-8.87,13.60047793,,761.9,272.55,2.93,10.33,-8.85,18.70134975,6.635815313
,,,,,,,,,,,,,,,6.631342799,758.5,272.69,2.929,10.31,-8.87,13.60047793,,765.3,272.52,2.93,10.34,-8.83,18.69594898,6.640267914
,,,,,,,,,,,,,,,6.635815313,761.9,272.55,2.93,10.33,-8.85,13.60262475,,768.8,272.49,2.93,10.34,-8.83,18.69594898,6.644830858
,,,,,,,,,,,,,,,6.640267914,765.3,272.52,2.93,10.34,-8.83,13.59722398,,772.2,272.35,2.931,10.36,-8.81,18.69819926,6.649243584
,,,,,,,,,,,,,,,6.644830858,768.8,272.49,2.93,10.34,-8.83,13.59722398,,775.6,272.32,2.931,10.37,-8.8,18.69934631,6.653636923
,,,,,,,,,,,,,,,6.649243584,772.2,272.35,2.931,10.36,-8.81,13.59947425,,779.1,272.29,2.931,10.37,-8.8,18.69934631,6.658139407
,,,,,,,,,,,,,,,6.653636923,775.6,272.32,2.931,10.37,-8.8,13.60062131,,782.5,272.16,2.932,10.39,-8.78,18.70168424,6.662493922
,,,,,,,,,,,,,,,6.658139407,779.1,272.29,2.931,10.37,-8.8,13.60062131,,786,272.12,2.932,10.4,-8.76,18.69643069,6.666956792
,,,,,,,,,,,,,,,6.662493922,782.5,272.16,2.932,10.39,-8.78,13.60295924,,789.7,272.08,2.932,10.4,-8.76,18.69643069,6.671653127
,,,,,,,,,,,,,,,6.666956792,786,272.12,2.932,10.4,-8.76,13.59770569,,793.5,271.95,2.933,10.34,-8.68,18.59902129,6.67645354
,,,,,,,,,,,,,,,6.671653127,789.7,272.08,2.932,10.4,-8.76,13.59770569,,797.2,271.91,2.933,10.36,-8.66,18.6015099,6.681105588
,,,,,,,,,,,,,,,6.67645354,793.5,271.95,2.933,10.34,-8.68,13.50029629,,800.9,271.87,2.933,10.36,-8.66,18.6015099,6.685736095
,,,,,,,,,,,,,,,6.681105588,797.2,271.91,2.933,10.36,-8.66,13.5027849,,804.6,271.73,2.934,10.37,-8.64,18.59637294,6.69034526
,,,,,,,,,,,,,,,6.685736095,800.9,271.87,2.933,10.36,-8.66,13.5027849,,808.3,271.7,2.934,10.39,-8.62,18.59896574,6.694933277
,,,,,,,,,,,,,,,6.69034526,804.6,271.73,2.934,10.37,-8.64,13.49764794,,812,271.66,2.934,10.4,-8.61,18.60028417,6.69950034
,,,,,,,,,,,,,,,6.694933277,808.3,271.7,2.934,10.39,-8.62,13.50024074,,815.7,271.52,2.935,10.4,-8.61,18.60028417,6.70404664
,,,,,,,,,,,,,,,6.69950034,812,271.66,2.934,10.4,-8.61,13.50155917,,819.5,271.49,2.935,10.42,-8.59,18.60296508,6.708694398
,,,,,,,,,,,,,,,6.70404664,815.7,271.52,2.935,10.4,-8.61,13.50155917,,823.2,271.44,2.935,10.43,-8.57,18.59797683,6.713199185
,,,,,,,,,,,,,,,6.708694398,819.5,271.49,2.935,10.42,-8.59,13.50424007,,826.9,271.41,2.935,10.43,-8.57,18.59797683,6.717683769
,,,,,,,,,,,,,,,6.713199185,823.2,271.44,2.935,10.43,-8.57,13.49925183,,830.6,271.27,2.936,10.45,-8.55,18.60076188,6.722148331
,,,,,,,,,,,,,,,6.717683769,826.9,271.41,2.935,10.43,-8.57,13.49925183,,834.4,271.24,2.936,10.46,-8.53,18.59585433,6.726712904
,,,,,,,,,,,,,,,6.722148331,830.6,271.27,2.936,10.45,-8.55,13.50203688,,838.8,271.19,2.936,10.46,-8.53,18.59585433,6.731972299
,,,,,,,,,,,,,,,6.726712904,834.4,271.24,2.936,10.46,-8.53,13.49712932,,843.2,271.06,2.937,10.48,-8.51,18.59874352,6.737204178
,,,,,,,,,,,,,,,6.731972299,838.8,271.19,2.936,10.46,-8.53,13.49712932,,847.6,271.02,2.937,10.41,-8.43,18.49398536,6.742408826
,,,,,,,,,,,,,,,6.737204178,843.2,271.06,2.937,10.48,-8.51,13.50001852,,851.9,270.99,2.937,10.41,-8.43,18.49398536,6.747469149
,,,,,,,,,,,,,,,6.742408826,847.6,271.02,2.937,10.41,-8.43,13.39526036,,856.3,270.94,2.937,10.43,-8.41,18.49697116,6.752620782
,,,,,,,,,,,,,,,6.747469149,851.9,270.99,2.937,10.41,-8.43,13.39526036,,860.7,270.81,2.938,10.44,-8.4,18.49848619,6.757746012
,,,,,,,,,,,,,,,6.752620782,856.3,270.94,2.937,10.43,-8.41,13.39824615,,865.1,270.77,2.938,10.44,-8.4,18.49848619,6.762845107
,,,,,,,,,,,,,,,6.757746012,860.7,270.81,2.938,10.44,-8.4,13.39976119,,869.5,270.74,2.938,10.44,-8.4,18.49848619,6.767918334
,,,,,,,,,,,,,,,6.762845107,865.1,270.77,2.938,10.44,-8.4,13.39976119,,873.9,270.6,2.939,10.46,-8.38,18.50156052,6.772965953
,,,,,,,,,,,,,,,6.767918334,869.5,270.74,2.938,10.44,-8.4,13.39976119,,878.2,270.56,2.939,10.46,-8.38,18.50156052,6.777874358
,,,,,,,,,,,,,,,6.772965953,873.9,270.6,2.939,10.46,-8.38,13.40283552,,882.6,270.52,2.939,10.46,-8.38,18.50156052,6.782872097
,,,,,,,,,,,,,,,6.777874358,878.2,270.56,2.939,10.46,-8.38,13.40283552,,887,270.39,2.941,10.39,-8.3,18.39692413,6.787844982
,,,,,,,,,,,,,,,6.782872097,882.6,270.52,2.939,10.46,-8.38,13.40283552,,891.1,270.35,2.941,10.39,-8.3,18.39692413,6.792456655
,,,,,,,,,,,,,,,6.787844982,887,270.39,2.941,10.39,-8.3,13.29819913,,894.8,270.32,2.941,10.39,-8.3,18.39692413,6.79660023
,,,,,,,,,,,,,,,6.792456655,891.1,270.35,2.941,10.39,-8.3,13.29819913,,898.6,270.29,2.941,10.39,-8.3,18.39692413,6.800837997
,,,,,,,,,,,,,,,6.79660023,894.8,270.32,2.941,10.39,-8.3,13.29819913,,902.3,270.16,2.942,10.41,-8.28,18.40009711,6.804947059
,,,,,,,,,,,,,,,6.800837997,898.6,270.29,2.941,10.39,-8.3,13.29819913,,906,270.12,2.942,10.41,-8.28,18.40009711,6.809039306
,,,,,,,,,,,,,,,6.804947059,902.3,270.16,2.942,10.41,-8.28,13.30137211,,909.8,270.09,2.942,10.41,-8.28,18.40009711,6.813224795
,,,,,,,,,,,,,,,6.809039306,906,270.12,2.942,10.41,-8.28,13.30137211,,913.5,269.96,2.943,10.34,-8.2,18.29552764,6.817283376
,,,,,,,,,,,,,,,6.813224795,909.8,270.09,2.942,10.41,-8.28,13.30137211,,917.2,269.93,2.943,10.34,-8.2,18.29552764,6.821325551
,,,,,,,,,,,,,,,6.817283376,913.5,269.96,2.943,10.34,-8.2,13.19680264,,921,269.9,2.943,10.34,-8.2,18.29552764,6.825460036
,,,,,,,,,,,,,,,6.821325551,917.2,269.93,2.943,10.34,-8.2,13.19680264,,924.7,269.77,2.944,10.36,-8.18,18.29880076,6.829469361
,,,,,,,,,,,,,,,6.825460036,921,269.9,2.943,10.34,-8.2,13.19680264,,928.4,269.74,2.944,10.36,-8.18,18.29880076,6.833462674
,,,,,,,,,,,,,,,6.829469361,924.7,269.77,2.944,10.36,-8.18,13.20007576,,932.1,269.7,2.944,10.36,-8.18,18.29880076,6.837440105
,,,,,,,,,,,,,,,6.833462674,928.4,269.74,2.944,10.36,-8.18,13.20007576,,935.9,269.67,2.944,10.36,-8.18,18.29880076,6.841508633
,,,,,,,,,,,,,,,6.837440105,932.1,269.7,2.944,10.36,-8.18,13.20007576,,939.3,269.54,2.945,10.29,-8.1,18.19430059,6.845134917
,,,,,,,,,,,,,,,6.841508633,935.9,269.67,2.944,10.36,-8.18,13.20007576,,942.2,269.51,2.945,10.29,-8.1,18.19430059,6.848217566
,,,,,,,,,,,,,,,6.845134917,939.3,269.54,2.945,10.29,-8.1,13.09557559,,945.1,269.48,2.945,10.29,-8.1,18.19430059,6.851290742
,,,,,,,,,,,,,,,6.848217566,942.2,269.51,2.945,10.29,-8.1,13.09557559,,948.1,269.35,2.946,10.31,-8.08,18.19767534,6.854459982
,,,,,,,,,,,,,,,6.851290742,945.1,269.48,2.945,10.29,-8.1,13.09557559,,951,269.31,2.946,10.31,-8.08,18.19767534,6.857514063
,,,,,,,,,,,,,,,6.854459982,948.1,269.35,2.946,10.31,-8.08,13.09895034,,953.9,269.28,2.946,10.31,-8.08,18.19767534,6.860558844
,,,,,,,,,,,,,,,6.857514063,951,269.31,2.946,10.31,-8.08,13.09895034,,956.8,269.24,2.946,10.24,-8,18.09324692,6.863594383
,,,,,,,,,,,,,,,6.860558844,953.9,269.28,2.946,10.31,-8.08,13.09895034,,959.7,269.12,2.947,10.24,-8,18.09324692,6.866620736
,,,,,,,,,,,,,,,6.863594383,956.8,269.24,2.946,10.24,-8,12.99452192,,962.7,269.11,2.947,10.24,-8,18.09324692,6.869741837
,,,,,,,,,,,,,,,6.866620736,959.7,269.12,2.947,10.24,-8,12.99452192,,965.6,269.08,2.947,10.26,-7.99,18.10286665,6.87274967
,,,,,,,,,,,,,,,6.869741837,962.7,269.11,2.947,10.24,-8,12.99452192,,968.5,269.05,2.947,10.26,-7.99,18.10286665,6.875748483
,,,,,,,,,,,,,,,6.87274967,965.6,269.08,2.947,10.26,-7.99,13.00414165,,971.4,268.94,2.948,10.23,-8.02,18.09769804,6.87873833
,,,,,,,,,,,,,,,6.875748483,968.5,269.05,2.947,10.26,-7.99,13.00414165,,974.1,268.92,2.948,10.22,-8.04,18.10218608,6.881513968
,,,,,,,,,,,,,,,6.87873833,971.4,268.94,2.948,10.23,-8.02,12.99897304,,976.1,268.89,2.948,10.2,-8.06,18.09886346,6.88356504
,,,,,,,,,,,,,,,6.881513968,974.1,268.92,2.948,10.22,-8.04,13.00346108,,978.2,268.87,2.948,10.17,-8.09,18.09399337,6.885714148
,,,,,,,,,,,,,,,6.88356504,976.1,268.89,2.948,10.2,-8.06,13.00013846,,980.2,268.75,2.949,10.16,-8.11,18.09863654,6.887756632
,,,,,,,,,,,,,,,6.885714148,978.2,268.87,2.948,10.17,-8.09,12.99526837,,982.2,268.72,2.949,10.15,-8.13,18.1033165,6.889794954
,,,,,,,,,,,,,,,6.887756632,980.2,268.75,2.949,10.16,-8.11,12.99991154,,984.3,268.71,2.949,10.12,-8.16,18.098725,6.891930729
,,,,,,,,,,,,,,,6.889794954,982.2,268.72,2.949,10.15,-8.13,13.0045915,,986.3,268.68,2.949,10.18,-8.24,18.19567121,6.893960568
,,,,,,,,,,,,,,,6.891930729,984.3,268.71,2.949,10.12,-8.16,13,,988.3,268.57,2.95,10.17,-8.26,18.20049969,6.895986295
,,,,,,,,,,,,,,,6.893960568,986.3,268.68,2.949,10.18,-8.24,13.09694621,,990.4,268.54,2.95,10.14,-8.3,18.20252598,6.898108902
,,,,,,,,,,,,,,,6.895986295,988.3,268.57,2.95,10.17,-8.26,13.10177469,,992.4,268.52,2.95,10.12,-8.31,18.19339949,6.900126252
,,,,,,,,,,,,,,,6.898108902,990.4,268.54,2.95,10.14,-8.3,13.10380098,,994.4,268.5,2.95,10.11,-8.33,18.19838149,6.90213954
,,,,,,,,,,,,,,,6.900126252,992.4,268.52,2.95,10.12,-8.31,13.09467449,,996.5,268.38,2.951,10.08,-8.37,18.20075919,6.90424914
,,,,,,,,,,,,,,,6.90213954,994.4,268.5,2.95,10.11,-8.33,13.09965648,,998.5,268.35,2.951,10.06,-8.39,18.19817919,6.906254153
,,,,,,,,,,,,,,,6.90424914,996.5,268.38,2.951,10.08,-8.37,13.10203419,,1000.6,268.34,2.951,10.05,-8.4,18.1969119,6.908355099
,,,,,,,,,,,,,,,6.906254153,998.5,268.35,2.951,10.06,-8.39,13.09945419,,1003.1,268.31,2.951,10.02,-8.44,18.199641,6.910850484
,,,,,,,,,,,,,,,6.908355099,1000.6,268.34,2.951,10.05,-8.4,13.0981869,,1005.7,268.28,2.951,10.01,-8.46,18.2048953,6.913439095
,,,,,,,,,,,,,,,6.910850484,1003.1,268.31,2.951,10.02,-8.44,13.100916,,1008.2,268.17,2.952,9.99,-8.47,18.19609115,6.915921842
,,,,,,,,,,,,,,,6.913439095,1005.7,268.28,2.951,10.01,-8.46,13.1061703,,1010.8,268.15,2.952,10.04,-8.57,18.29897121,6.918497376
,,,,,,,,,,,,,,,6.915921842,1008.2,268.17,2.952,9.99,-8.47,13.09736615,,1013.4,268.12,2.952,10.02,-8.59,18.2967741,6.921066293
,,,,,,,,,,,,,,,6.918497376,1010.8,268.15,2.952,10.04,-8.57,13.20024621,,1015.9,268.1,2.952,10.01,-8.61,18.30221696,6.923530198
,,,,,,,,,,,,,,,6.921066293,1013.4,268.12,2.952,10.02,-8.59,13.1980491,,1018.5,267.98,2.953,9.98,-8.64,18.29910378,6.926086236
,,,,,,,,,,,,,,,6.923530198,1015.9,268.1,2.952,10.01,-8.61,13.20349196,,1021.1,267.96,2.953,9.96,-8.66,18.29710369,6.928635757
,,,,,,,,,,,,,,,6.926086236,1018.5,267.98,2.953,9.98,-8.64,13.20037878,,1023.6,267.94,2.953,9.95,-8.68,18.30269789,6.931081104
,,,,,,,,,,,,,,,6.928635757,1021.1,267.96,2.953,9.96,-8.66,13.19837869,,1026.2,267.91,2.953,9.93,-8.69,18.29421666,6.933617939
,,,,,,,,,,,,,,,6.931081104,1023.6,267.94,2.953,9.95,-8.68,13.20397289,,1028.7,267.8,2.954,9.9,-8.73,18.29807726,6.936051148
,,,,,,,,,,,,,,,6.933617939,1026.2,267.91,2.953,9.93,-8.69,13.19549165,,1031.3,267.77,2.954,9.89,-8.75,18.3038225,6.938575421
,,,,,,,,,,,,,,,6.936051148,1028.7,267.8,2.954,9.9,-8.73,13.19935226,,1033.9,267.75,2.954,9.87,-8.76,18.29548597,6.941093339
,,,,,,,,,,,,,,,6.938575421,1031.3,267.77,2.954,9.89,-8.75,13.2050975,,1036.9,267.72,2.954,9.84,-8.8,18.29969466,6.943990772
,,,,,,,,,,,,,,,6.941093339,1033.9,267.75,2.954,9.87,-8.76,13.19676097,,1040.1,267.59,2.955,9.9,-8.88,18.39776256,6.947072141
,,,,,,,,,,,,,,,6.943990772,1036.9,267.72,2.954,9.84,-8.8,13.20096966,,1043.4,267.56,2.955,9.84,-8.8,18.29969466,6.950239891
,,,,,,,,,,,,,,,6.947072141,1040.1,267.59,2.955,9.9,-8.88,13.29903756,,1046.7,267.53,2.955,9.86,-8.78,18.30130051,6.953397637
,,,,,,,,,,,,,,,6.950239891,1043.4,267.56,2.955,9.84,-8.8,13.20096966,,1049.9,267.5,2.955,9.8,-8.7,18.20330435,6.956450201
,,,,,,,,,,,,,,,6.953397637,1046.7,267.53,2.955,9.86,-8.78,13.20257551,,1053.2,267.47,2.955,9.8,-8.7,18.20330435,6.959588428
,,,,,,,,,,,,,,,6.956450201,1049.9,267.5,2.955,9.8,-8.7,13.10457935,,1056.4,267.34,2.956,9.74,-8.61,18.09871346,6.96262218
,,,,,,,,,,,,,,,6.959588428,1053.2,267.47,2.955,9.8,-8.7,13.10457935,,1059.7,267.32,2.956,9.75,-8.6,18.09959036,6.965741128
,,,,,,,,,,,,,,,6.96262218,1056.4,267.34,2.956,9.74,-8.61,12.99998846,,1062.9,267.28,2.956,9.69,-8.51,17.99508883,6.968756301
,,,,,,,,,,,,,,,6.965741128,1059.7,267.32,2.956,9.75,-8.6,13.00086536,,1066.2,267.16,2.958,9.71,-8.5,18.00353418,6.971856204
,,,,,,,,,,,,,,,6.968756301,1062.9,267.28,2.956,9.69,-8.51,12.89636383,,1069.4,267.13,2.958,9.65,-8.41,17.89913906,6.974853023
,,,,,,,,,,,,,,,6.971856204,1066.2,267.16,2.958,9.71,-8.5,12.90480918,,1072.7,267.1,2.958,9.66,-8.4,17.90011555,6.977934114
,,,,,,,,,,,,,,,6.974853023,1069.4,267.13,2.958,9.65,-8.41,12.80041406,,1075.9,267.07,2.958,9.58,-8.33,17.7938146,6.9809128
,,,,,,,,,,,,,,,6.977934114,1072.7,267.1,2.958,9.66,-8.4,12.80139055,,1079.2,266.93,2.959,9.6,-8.32,17.80236228,6.983975305
,,,,,,,,,,,,,,,6.9809128,1075.9,267.07,2.958,9.58,-8.33,12.6950896,,1082.5,266.91,2.959,9.54,-8.23,17.69810991,6.98702846
,,,,,,,,,,,,,,,6.983975305,1079.2,266.93,2.959,9.6,-8.32,12.70363727,,1085.8,266.87,2.959,9.55,-8.22,17.69915753,6.990072321
,,,,,,,,,,,,,,,6.98702846,1082.5,266.91,2.959,9.54,-8.23,12.59938491,,1089.1,266.74,2.96,9.57,-8.2,17.70130013,6.993106946
,,,,,,,,,,,,,,,6.990072321,1085.8,266.87,2.959,9.55,-8.22,12.60043253,,1092.5,266.71,2.96,9.51,-8.12,17.60370401,6.996223927
,,,,,,,,,,,,,,,6.993106946,1089.1,266.74,2.96,9.57,-8.2,12.60257513,,1095.8,266.68,2.96,9.52,-8.1,17.598341,6.999239969
,,,,,,,,,,,,,,,6.996223927,1092.5,266.71,2.96,9.51,-8.12,12.50497901,,1099.1,266.55,2.961,9.46,-8.02,17.5008216,7.002246942
,,,,,,,,,,,,,,,6.999239969,1095.8,266.68,2.96,9.52,-8.1,12.49961599,,1102.4,266.51,2.961,9.47,-8,17.49553507,7.0052449
,,,,,,,,,,,,,,,7.002246942,1099.1,266.55,2.961,9.46,-8.02,12.4020966,,1105.7,266.48,2.961,9.41,-7.92,17.3980949,7.008233898
,,,,,,,,,,,,,,,7.0052449,1102.4,266.51,2.961,9.47,-8,12.39681007,,1109.1,266.35,2.962,9.42,-7.91,17.39931442,7.011304155
,,,,,,,,,,,,,,,7.008233898,1105.7,266.48,2.961,9.41,-7.92,12.2993699,,1112.4,266.31,2.962,9.36,-7.83,17.30194179,7.014275122
,,,,,,,,,,,,,,,7.011304155,1109.1,266.35,2.962,9.42,-7.91,12.30058942,,1115.7,266.28,2.962,9.37,-7.81,17.29679862,7.01723729
,,,,,,,,,,,,,,,7.014275122,1112.4,266.31,2.962,9.36,-7.83,12.20321679,,1119.3,266.24,2.962,9.31,-7.73,17.1995101,7.020458769
,,,,,,,,,,,,,,,7.01723729,1115.7,266.28,2.962,9.37,-7.81,12.19807362,,1123.2,266.11,2.963,9.32,-7.71,17.19444739,7.023937033
,,,,,,,,,,,,,,,7.020458769,1119.3,266.24,2.962,9.31,-7.73,12.1007851,,1127.2,266.08,2.963,9.26,-7.63,17.09724574,7.027491961
,,,,,,,,,,,,,,,7.023937033,1123.2,266.11,2.963,9.32,-7.71,12.09572238,,1131.1,266.04,2.963,9.27,-7.62,17.0986125,7.03094589
,,,,,,,,,,,,,,,7.027491961,1127.2,266.08,2.963,9.26,-7.63,11.99852074,,1135,265.91,2.964,9.21,-7.54,17.00148519,7.03438793
,,,,,,,,,,,,,,,7.03094589,1131.1,266.04,2.963,9.27,-7.62,11.9998875,,1138.9,265.88,2.964,9.22,-7.52,16.99657355,7.037818163
,,,,,,,,,,,,,,,7.03438793,1135,265.91,2.964,9.21,-7.54,11.90276018,,1142.9,265.84,2.964,9.23,-7.51,16.99801069,7.041324171
,,,,,,,,,,,,,,,7.037818163,1138.9,265.88,2.964,9.22,-7.52,11.89784855,,1146.8,265.71,2.965,9.26,-7.47,16.99614069,7.044730734
,,,,,,,,,,,,,,,7.041324171,1142.9,265.84,2.964,9.23,-7.51,11.89928569,,1150.7,265.68,2.965,9.29,-7.44,17.00072903,7.048125732
,,,,,,,,,,,,,,,7.044730734,1146.8,265.71,2.965,9.26,-7.47,11.89741569,,1154.7,265.65,2.965,9.31,-7.41,16.99764092,7.051595849
,,,,,,,,,,,,,,,7.048125732,1150.7,265.68,2.965,9.29,-7.44,11.90200403,,1158.6,265.51,2.966,9.35,-7.36,16.99797288,7.054967659
,,,,,,,,,,,,,,,7.051595849,1154.7,265.65,2.965,9.31,-7.41,11.89891592,,1162.5,265.48,2.966,9.38,-7.33,17.00306455,7.058328137
,,,,,,,,,,,,,,,7.054967659,1158.6,265.51,2.966,9.35,-7.36,11.89924788,,1166.4,265.45,2.966,9.4,-7.29,16.99427459,7.061677361
,,,,,,,,,,,,,,,7.058328137,1162.5,265.48,2.966,9.38,-7.33,11.90433954,,1170.4,265.41,2.966,9.43,-7.26,16.99967034,7.06510085
,,,,,,,,,,,,,,,7.061677361,1166.4,265.45,2.966,9.4,-7.29,11.89554959,,1173.9,265.28,2.967,9.47,-7.21,17.0010357,7.068086818
,,,,,,,,,,,,,,,7.06510085,1170.4,265.41,2.966,9.43,-7.26,11.90094534,,1177.3,265.24,2.967,9.49,-7.18,16.99883004,7.07097896
,,,,,,,,,,,,,,,7.068086818,1173.9,265.28,2.967,9.47,-7.21,11.9023107,,1180.8,265.2,2.967,9.52,-7.15,17.00472769,7.073947454
,,,,,,,,,,,,,,,7.07097896,1177.3,265.24,2.967,9.49,-7.18,11.90010504,,1184.3,265.06,2.968,9.54,-7.11,16.99677946,7.076907162
,,,,,,,,,,,,,,,7.073947454,1180.8,265.2,2.967,9.52,-7.15,11.90600269,,1187.7,265.01,2.968,9.58,-7.06,16.99914516,7.079773943
,,,,,,,,,,,,,,,7.076907162,1184.3,265.06,2.968,9.54,-7.11,11.89805446,,1191.2,264.97,2.968,9.6,-7.03,16.99750225,7.082716481
,,,,,,,,,,,,,,,7.079773943,1187.7,265.01,2.968,9.58,-7.06,11.90042016,,1194.6,264.83,2.969,9.63,-6.99,16.99817877,7.08556668
,,,,,,,,,,,,,,,7.082716481,1191.2,264.97,2.968,9.6,-7.03,11.89877725,,1198.1,264.78,2.969,9.65,-6.96,16.99679627,7.088492248
,,,,,,,,,,,,,,,7.08556668,1194.6,264.83,2.969,9.63,-6.99,11.89945377,,1201.6,264.74,2.969,9.68,-6.93,17.00365255,7.091409281
,,,,,,,,,,,,,,,7.088492248,1198.1,264.78,2.969,9.65,-6.96,11.89807127,,1205,264.6,2.97,9.71,-6.88,16.99908214,7.094234846
,,,,,,,,,,,,,,,7.091409281,1201.6,264.74,2.969,9.68,-6.93,11.90492755,,1208.5,264.55,2.97,9.74,-6.84,17.00053999,7.0971352
,,,,,,,,,,,,,,,7.094234846,1205,264.6,2.97,9.71,-6.88,11.90035714,,1212.2,264.41,2.971,9.76,-6.81,16.99972076,7.10019217
,,,,,,,,,,,,,,,7.0971352,1208.5,264.55,2.97,9.74,-6.84,11.90181499,,1217.7,264.37,2.971,9.78,-6.77,16.99331621,7.104719113
,,,,,,,,,,,,,,,7.10019217,1212.2,264.41,2.971,9.76,-6.81,11.90099576,,1223.1,264.23,2.971,9.81,-6.74,17.00098109,7.109143898
,,,,,,,,,,,,,,,7.104719113,1217.7,264.37,2.971,9.78,-6.77,11.89459121,,1228.6,264.09,2.974,9.84,-6.69,16.99753587,7.113630589
,,,,,,,,,,,,,,,7.109143898,1223.1,264.23,2.971,9.81,-6.74,11.90225609,,1234,264.05,2.974,9.95,-6.71,17.09983328,7.118016204
,,,,,,,,,,,,,,,7.113630589,1228.6,264.09,2.974,9.84,-6.69,11.89881086,,1239.5,263.91,2.975,9.97,-6.68,17.0996958,7.122463351
,,,,,,,,,,,,,,,7.118016204,1234,264.05,2.974,9.95,-6.71,12.00110828,,1244.9,263.87,2.975,10,-6.64,17.10245775,7.126810484
,,,,,,,,,,,,,,,7.122463351,1239.5,263.91,2.975,9.97,-6.68,12.00097079,,1250.4,263.73,2.976,10.02,-6.61,17.10257855,7.131218779
,,,,,,,,,,,,,,,7.126810484,1244.9,263.87,2.975,10,-6.64,12.00373275,,1255.8,263.69,2.976,10.05,-6.55,17.09476601,7.135528099
,,,,,,,,,,,,,,,7.131218779,1250.4,263.73,2.976,10.02,-6.61,12.00385355,,1261.3,263.55,2.977,10.08,-6.52,17.10359068,7.139898214
,,,,,,,,,,,,,,,7.135528099,1255.8,263.69,2.976,10.05,-6.55,11.99604101,,1266.7,263.5,2.977,10.1,-6.48,17.09874167,7.144170372
,,,,,,,,,,,,,,,7.139898214,1261.3,263.55,2.977,10.08,-6.52,12.00486568,,1272.2,263.37,2.978,10.12,-6.45,17.09942915,7.148502964
,,,,,,,,,,,,,,,7.144170372,1266.7,263.5,2.977,10.1,-6.48,12.00001667,,1277.6,263.32,2.978,10.16,-6.57,17.19791919,7.152738597
,,,,,,,,,,,,,,,7.148502964,1272.2,263.37,2.978,10.12,-6.45,12.00070415,,1283.1,263.18,2.978,10.11,-6.64,17.19424897,7.157034304
,,,,,,,,,,,,,,,7.152738597,1277.6,263.32,2.978,10.16,-6.57,12.09919419,,1288.5,263.04,2.98,10.16,-6.75,17.29659777,7.16123403
,,,,,,,,,,,,,,,7.157034304,1283.1,263.18,2.978,10.11,-6.64,12.09552397,,1294,263,2.98,10.11,-6.82,17.29399048,7.165493475
,,,,,,,,,,,,,,,7.16123403,1288.5,263.04,2.98,10.16,-6.75,12.19787277,,1299.4,262.86,2.981,10.15,-6.95,17.40014768,7.169657898
,,,,,,,,,,,,,,,7.165493475,1294,263,2.98,10.11,-6.82,12.19526547,,1305.4,262.81,2.981,10.1,-7.02,17.39874126,7.174264786
,,,,,,,,,,,,,,,7.169657898,1299.4,262.86,2.981,10.15,-6.95,12.30142268,,1311.7,262.65,2.982,10.15,-7.13,17.50273242,7.179079285
,,,,,,,,,,,,,,,7.174264786,1305.4,262.81,2.981,10.1,-7.02,12.30001626,,1317.9,262.6,2.982,10.1,-7.2,17.5023535,7.18379484
,,,,,,,,,,,,,,,7.179079285,1311.7,262.65,2.982,10.15,-7.13,12.40400742,,1324.1,262.45,2.983,10.13,-7.33,17.60255641,7.188488262
,,,,,,,,,,,,,,,7.18379484,1317.9,262.6,2.982,10.1,-7.2,12.4036285,,1330.3,262.38,2.983,10.17,-7.44,17.69961783,7.19315976
,,,,,,,,,,,,,,,7.188488262,1324.1,262.45,2.983,10.13,-7.33,12.50383141,,1336.5,262.24,2.983,10.12,-7.51,17.70088751,7.197809536
,,,,,,,,,,,,,,,7.19315976,1330.3,262.38,2.983,10.17,-7.44,12.60089283,,1342.7,262.18,2.983,10.16,-7.63,17.80472752,7.202437791
,,,,,,,,,,,,,,,7.197809536,1336.5,262.24,2.983,10.12,-7.51,12.60216251,,1349,262.02,2.983,10.1,-7.7,17.7991187,7.207118856
,,,,,,,,,,,,,,,7.202437791,1342.7,262.18,2.983,10.16,-7.63,12.70600252,,1355.2,261.96,2.983,10.14,-7.81,17.89777575,7.211704324
,,,,,,,,,,,,,,,7.207118856,1349,262.02,2.983,10.1,-7.7,12.70039369,,1361.4,261.81,2.983,10.09,-7.88,17.90116617,7.216268861
,,,,,,,,,,,,,,,7.211704324,1355.2,261.96,2.983,10.14,-7.81,12.79905075,,1367.6,261.66,2.988,10.12,-8,17.99889554,7.220812658
,,,,,,,,,,,,,,,7.216268861,1361.4,261.81,2.983,10.09,-7.88,12.80244117,,1373.8,261.6,2.988,10.16,-8.11,18.09863654,7.225335902
,,,,,,,,,,,,,,,7.220812658,1367.6,261.66,2.988,10.12,-8,12.90017054,,1380,261.45,2.989,10.1,-8.18,18.09574004,7.229838778
,,,,,,,,,,,,,,,7.225335902,1373.8,261.6,2.988,10.16,-8.11,12.99991154,,1386.2,261.39,2.989,10.14,-8.3,18.20252598,7.234321469
,,,,,,,,,,,,,,,7.229838778,1380,261.45,2.989,10.1,-8.18,12.99701504,,1392.5,261.24,2.99,10.09,-8.35,18.19569412,7.238855972
,,,,,,,,,,,,,,,7.234321469,1386.2,261.39,2.989,10.14,-8.3,13.10380098,,1398.7,261.18,2.99,10.11,-8.48,18.29427349,7.243298513
,,,,,,,,,,,,,,,7.238855972,1392.5,261.24,2.99,10.09,-8.35,13.09696912,,1404.9,261.02,2.99,10.14,-8.6,18.39457398,7.247721405
,,,,,,,,,,,,,,,7.243298513,1398.7,261.18,2.99,10.11,-8.48,13.19554849,,1411.2,260.97,2.99,10.1,-8.66,18.40307016,7.252195685
,,,,,,,,,,,,,,,7.247721405,1404.9,261.02,2.99,10.14,-8.6,13.29584898,,1417.5,260.81,2.99,10.13,-8.77,18.49759809,7.256650036
,,,,,,,,,,,,,,,7.252195685,1411.2,260.97,2.99,10.1,-8.66,13.30434515,,1423.9,260.75,2.99,10.16,-8.89,18.59901018,7.261154865
,,,,,,,,,,,,,,,7.256650036,1417.5,260.81,2.99,10.13,-8.77,13.39887309,,1430.3,260.6,2.99,10.11,-8.95,18.60111738,7.265639491
,,,,,,,,,,,,,,,7.261154865,1423.9,260.75,2.99,10.16,-8.89,13.50028518,,1436.6,260.45,2.99,10.12,-9.08,18.69507745,7.27003449
,,,,,,,,,,,,,,,7.265639491,1430.3,260.6,2.99,10.11,-8.95,13.50239238,,1443,260.38,2.99,10.15,-9.2,18.79772131,7.274479559
,,,,,,,,,,,,,,,7.27003449,1436.6,260.45,2.99,10.12,-9.08,13.59635245,,1449.4,260.22,2.995,10.1,-9.26,18.80119193,7.278904957
,,,,,,,,,,,,,,,7.274479559,1443,260.38,2.99,10.15,-9.2,13.69899631,,1455.7,260.16,2.995,10.13,-9.38,18.90456797,7.283242164
,,,,,,,,,,,,,,,7.278904957,1449.4,260.22,2.995,10.1,-9.26,13.70246693,,1462.1,260,2.995,10.18,-9.46,18.99563113,7.287629037
,,,,,,,,,,,,,,,7.283242164,1455.7,260.16,2.995,10.13,-9.38,13.80584297,,1468.5,259.93,2.995,10.24,-9.55,19.10087127,7.291996751
,,,,,,,,,,,,,,,7.287629037,1462.1,260,2.995,10.18,-9.46,13.89690613,,1474.9,259.78,2.995,10.3,-9.63,19.19932428,7.29634547
,,,,,,,,,,,,,,,7.291996751,1468.5,259.93,2.995,10.24,-9.55,14.00214626,,1481.2,259.72,2.995,10.35,-9.72,19.29734817,7.300607849
,,,,,,,,,,,,,,,7.29634547,1474.9,259.78,2.995,10.3,-9.63,14.10059928,,1488,259.56,2.995,10.41,-9.81,19.40271745,7.305188215
,,,,,,,,,,,,,,,7.300607849,1481.2,259.72,2.995,10.35,-9.72,14.19862317,,1495.2,259.4,3,10.46,-9.89,19.49399158,7.310015256
,,,,,,,,,,,,,,,7.305188215,1488,259.56,2.995,10.41,-9.81,14.30399245,,1502.5,259.33,2.4,10.5,-10,19.598725,7.314885666
,,,,,,,,,,,,,,,7.310015256,1495.2,259.4,3,10.46,-9.89,14.39526658,,1509.8,259.18,2.401,10.56,-10.09,19.70426162,7.319732471
,,,,,,,,,,,,,,,7.314885666,1502.5,259.33,2.4,10.5,-10,14.5,,1517,259.12,2.401,10.61,-10.17,19.79569748,7.324489979
,,,,,,,,,,,,,,,7.319732471,1509.8,259.18,2.401,10.56,-10.09,14.60553662,,1524.3,258.95,2.402,10.66,-10.26,19.89410266,7.329290567
,,,,,,,,,,,,,,,7.324489979,1517,259.12,2.401,10.61,-10.17,14.69697248,,1531.6,258.89,2.402,10.72,-10.35,19.99976188,7.33406822
,,,,,,,,,,,,,,,7.329290567,1524.3,258.95,2.402,10.66,-10.26,14.79537766,,1538.9,258.73,2.402,10.77,-10.44,20.09827499,7.338823154
,,,,,,,,,,,,,,,7.33406822,1531.6,258.89,2.402,10.72,-10.35,14.90103688,,1546.1,258.67,2.402,10.9,-10.6,20.30300072,7.34349091
,,,,,,,,,,,,,,,7.338823154,1538.9,258.73,2.402,10.77,-10.44,14.99954999,,1553.4,258.52,2.403,10.95,-10.69,20.40162015,7.348201356
,,,,,,,,,,,,,,,7.34349091,1546.1,258.67,2.402,10.9,-10.6,15.20427571,,1560.1,258.36,2.404,11,-10.77,20.49329872,7.352505201
,,,,,,,,,,,,,,,7.348201356,1553.4,258.52,2.403,10.95,-10.69,15.30289515,,1566.5,258.3,2.404,11.06,-10.86,20.5991508,7.35659911
,,,,,,,,,,,,,,,7.352505201,1560.1,258.36,2.404,11,-10.77,15.39457372,,1572.8,258.24,2.404,11.11,-10.95,20.69791088,7.360612749
,,,,,,,,,,,,,,,7.35659911,1566.5,258.3,2.404,11.06,-10.86,15.5004258,,1579.2,258.18,2.404,11.16,-11.04,20.79672487,7.364673669
,,,,,,,,,,,,,,,7.360612749,1572.8,258.24,2.404,11.11,-10.95,15.59918588,,1585.6,258.12,2.404,11.21,-11.13,20.89559178,7.368718164
,,,,,,,,,,,,,,,7.364673669,1579.2,258.18,2.404,11.16,-11.04,15.69799987,,1591.9,258.16,2.404,11.26,-11.22,20.99451061,7.37268355
,,,,,,,,,,,,,,,7.368718164,1585.6,258.12,2.404,11.21,-11.13,15.79686678,,1598.3,258.1,2.404,11.31,-11.31,21.09348039,7.376695843
,,,,,,,,,,,,,,,7.37268355,1591.9,258.16,2.404,11.26,-11.22,15.8957856,,1604.6,258.04,2.404,11.38,-11.38,21.19247534,7.380629783
,,,,,,,,,,,,,,,7.376695843,1598.3,258.1,2.404,11.31,-11.31,15.99475539,,1611,257.99,2.403,11.44,-11.48,21.30563711,7.384610383
,,,,,,,,,,,,,,,7.380629783,1604.6,258.04,2.404,11.38,-11.38,16.09375034,,1617.3,257.93,2.403,11.49,-11.57,21.4047055,7.388513371
,,,,,,,,,,,,,,,7.384610383,1611,257.99,2.403,11.44,-11.48,16.20691211,,1623.7,257.78,2.404,11.54,-11.66,21.50382177,7.392462775
,,,,,,,,,,,,,,,7.388513371,1617.3,257.93,2.403,11.49,-11.57,16.3059805,,1630,257.63,1.804,11.59,-11.75,21.60298506,7.396335294
,,,,,,,,,,,,,,,7.392462775,1623.7,257.78,2.404,11.54,-11.66,16.40509677,,1636.4,257.47,1.804,11.64,-11.84,21.70219452,7.400253986
,,,,,,,,,,,,,,,7.396335294,1630,257.63,1.804,11.59,-11.75,16.50426006,,1642.7,257.33,1.805,11.68,-11.93,21.794452,7.404096509
,,,,,,,,,,,,,,,7.400253986,1636.4,257.47,1.804,11.64,-11.84,16.60346952,,1649.1,257.18,1.806,11.75,-12,21.89344143,7.407984964
,,,,,,,,,,,,,,,7.404096509,1642.7,257.33,1.805,11.68,-11.93,16.695727,,1654.9,257.03,1.806,11.8,-12.1,21.99990839,7.411495863
,,,,,,,,,,,,,,,7.407984964,1649.1,257.18,1.806,11.75,-12,16.79471643,,1660.6,256.88,1.807,11.96,-12.22,22.19755537,7.414934262
,,,,,,,,,,,,,,,7.411495863,1654.9,257.03,1.806,11.8,-12.1,16.90118339,,1666.3,256.73,1.807,12.08,-12.25,22.30305294,7.418360879
,,,,,,,,,,,,,,,7.414934262,1660.6,256.88,1.807,11.96,-12.22,17.09883037,,1672,256.77,1.807,12.19,-12.28,22.40174497,7.421775794
,,,,,,,,,,,,,,,7.418360879,1666.3,256.73,1.807,12.08,-12.25,17.20432794,,1677.7,256.72,1.807,12.28,-12.33,22.5006588,7.425179087
,,,,,,,,,,,,,,,7.421775794,1672,256.77,1.807,12.19,-12.28,17.30301997,,1683.4,256.76,1.806,12.4,-12.35,22.59965355,7.428570837
,,,,,,,,,,,,,,,7.425179087,1677.7,256.72,1.807,12.28,-12.33,17.4019338,,1689.1,256.7,1.806,12.49,-12.4,22.69872784,7.431951122
,,,,,,,,,,,,,,,7.428570837,1683.4,256.76,1.806,12.4,-12.35,17.50092855,,1694.8,256.75,1.806,12.6,-12.43,22.79801595,7.435320019
,,,,,,,,,,,,,,,7.431951122,1689.1,256.7,1.806,12.49,-12.4,17.60000284,,1700.5,256.7,1.806,12.7,-12.48,22.90435332,7.438677604
,,,,,,,,,,,,,,,7.435320019,1694.8,256.75,1.806,12.6,-12.43,17.69929095,,1706.2,256.74,1.805,12.81,-12.5,22.99694,7.442023954
,,,,,,,,,,,,,,,7.438677604,1700.5,256.7,1.806,12.7,-12.48,17.80562832,,1712,256.7,1.805,12.9,-12.55,23.09629428,7.445417557
,,,,,,,,,,,,,,,7.442023954,1706.2,256.74,1.805,12.81,-12.5,17.89821499,,1717,256.55,1.806,13.09,-12.64,23.2953648,7.448333861
,,,,,,,,,,,,,,,7.445417557,1712,256.7,1.805,12.9,-12.55,17.99756928,,1722,256.51,1.806,13.19,-12.69,23.40206349,7.451241685
,,,,,,,,,,,,,,,7.448333861,1717,256.55,1.806,13.09,-12.64,18.1966398,,1727.1,256.37,1.806,13.28,-12.74,23.50160521,7.45419898
,,,,,,,,,,,,,,,7.451241685,1722,256.51,1.806,13.19,-12.69,18.30333849,,1732.1,256.22,1.807,13.4,-12.76,23.60217333,7.457089824
,,,,,,,,,,,,,,,7.45419898,1727.1,256.37,1.806,13.28,-12.74,18.40288021,,1737.1,256.17,1.807,13.49,-12.8,23.69496387,7.459972335
,,,,,,,,,,,,,,,7.457089824,1732.1,256.22,1.807,13.4,-12.76,18.50344833,,1742.1,256.03,1.808,13.59,-12.85,23.80194932,7.462846561
,,,,,,,,,,,,,,,7.459972335,1737.1,256.17,1.807,13.49,-12.8,18.59623887,,1747.1,255.98,1.808,13.7,-12.87,23.89571678,7.465712549
,,,,,,,,,,,,,,,7.462846561,1742.1,256.03,1.808,13.59,-12.85,18.70322432,,1752.1,255.84,1.808,13.8,-12.91,23.99602904,7.468570347
,,,,,,,,,,,,,,,7.465712549,1747.1,255.98,1.808,13.7,-12.87,18.79699178,,1757.1,255.7,1.809,13.9,-12.96,24.10324025,7.471420002
,,,,,,,,,,,,,,,7.468570347,1752.1,255.84,1.808,13.8,-12.91,18.89730404,,1762.1,255.66,1.809,14.01,-12.98,24.19742915,7.474261559
,,,,,,,,,,,,,,,7.471420002,1757.1,255.7,1.809,13.9,-12.96,19.00451525,,1767.1,255.53,1.81,14.18,-13.09,24.3969244,7.477095064
,,,,,,,,,,,,,,,7.474261559,1762.1,255.66,1.809,14.01,-12.98,19.09870414,,1772.1,255.39,1.81,14.28,-13.13,24.49757291,7.479920563
,,,,,,,,,,,,,,,7.477095064,1767.1,255.53,1.81,14.18,-13.09,19.2981994,,1777.1,255.36,1.81,14.38,-13.17,24.59829679,7.482738101
,,,,,,,,,,,,,,,7.479920563,1772.1,255.39,1.81,14.28,-13.13,19.3988479,,1782.1,255.22,1.811,14.5,-13.19,24.70041115,7.485547723
,,,,,,,,,,,,,,,7.482738101,1777.1,255.36,1.81,14.38,-13.17,19.49957179,,1787.1,255.09,1.812,14.59,-13.23,24.79392746,7.488349473
,,,,,,,,,,,,,,,7.485547723,1782.1,255.22,1.811,14.5,-13.19,19.60168615,,1792.1,255.04,1.812,14.69,-13.27,24.8949115,7.491143396
,,,,,,,,,,,,,,,7.488349473,1787.1,255.09,1.812,14.59,-13.23,19.69520246,,1797.2,254.91,1.812,14.79,-13.32,25.00265677,7.493985177
,,,,,,,,,,,,,,,7.491143396,1792.1,255.04,1.812,14.69,-13.27,19.7961865,,1802.2,254.77,1.813,14.89,-13.36,25.10376687,7.49676342
,,,,,,,,,,,,,,,7.493985177,1797.2,254.91,1.812,14.79,-13.32,19.90393177,,1807.2,254.74,1.813,15.08,-13.44,25.298725,7.499533965
,,,,,,,,,,,,,,,7.49676342,1802.2,254.77,1.813,14.89,-13.36,20.00504186,,1812.2,254.6,1.814,15.18,-13.48,25.40002545,7.502296856
,,,,,,,,,,,,,,,7.499533965,1807.2,254.74,1.813,15.08,-13.44,20.2,,1817.2,254.47,1.814,15.23,-13.42,25.39772251,7.505052134
,,,,,,,,,,,,,,,7.502296856,1812.2,254.6,1.814,15.18,-13.48,20.30130045,,1821.5,254.43,1.814,15.27,-13.37,25.3947788,7.507415616
,,,,,,,,,,,,,,,7.505052134,1817.2,254.47,1.814,15.23,-13.42,20.29899751,,1825.2,254.3,1.815,15.32,-13.32,25.39958213,7.509444849
,,,,,,,,,,,,,,,7.507415616,1821.5,254.43,1.814,15.27,-13.37,20.2960538,,1828.9,254.25,1.815,15.44,-13.33,25.4968254,7.511469972
,,,,,,,,,,,,,,,7.509444849,1825.2,254.3,1.815,15.32,-13.32,20.30085712,,1832.6,254.12,1.816,15.49,-13.28,25.50211933,7.513491003
,,,,,,,,,,,,,,,7.511469972,1828.9,254.25,1.815,15.44,-13.33,20.3981004,,1836.3,253.98,1.816,15.54,-13.22,25.50117583,7.515507957
,,,,,,,,,,,,,,,7.513491003,1832.6,254.12,1.816,15.49,-13.28,20.40339433,,1840,253.95,1.816,15.58,-13.17,25.49934509,7.517520851
,,,,,,,,,,,,,,,7.515507957,1836.3,253.98,1.816,15.54,-13.22,20.40245083,,1843.7,253.81,1.817,15.7,-13.18,25.59756399,7.519529701
,,,,,,,,,,,,,,,7.517520851,1840,253.95,1.816,15.58,-13.17,20.40062009,,1847.4,253.68,1.817,15.75,-13.12,25.59742984,7.521534524
,,,,,,,,,,,,,,,7.519529701,1843.7,253.81,1.817,15.7,-13.18,20.49883899,,1851.1,253.64,1.818,15.8,-13.07,25.60396579,7.523535336
,,,,,,,,,,,,,,,7.521534524,1847.4,253.68,1.817,15.75,-13.12,20.49870484,,1854.9,253.51,1.818,15.84,-13.01,25.5966688,7.525586065
,,,,,,,,,,,,,,,7.523535336,1851.1,253.64,1.818,15.8,-13.07,20.50524079,,1858.6,253.46,1.818,15.94,-13.05,25.69935849,7.527578795
,,,,,,,,,,,,,,,7.525586065,1854.9,253.51,1.818,15.84,-13.01,20.4979438,,1862.3,253.33,1.819,15.99,-12.99,25.70018611,7.529567562
,,,,,,,,,,,,,,,7.527578795,1858.6,253.46,1.818,15.94,-13.05,20.60063349,,1865.8,253.2,1.82,16.03,-12.94,25.69980507,7.531445195
,,,,,,,,,,,,,,,7.529567562,1862.3,253.33,1.819,15.99,-12.99,20.60146111,,1869.3,253.18,1.82,16.15,-12.94,25.79331608,7.533319308
,,,,,,,,,,,,,,,7.531445195,1865.8,253.2,1.82,16.03,-12.94,20.60108007,,1872.8,253.05,1.82,16.2,-12.89,25.80119104,7.535189916
,,,,,,,,,,,,,,,7.533319308,1869.3,253.18,1.82,16.15,-12.94,20.69459108,,1876.3,253.02,1.82,16.24,-12.83,25.79525853,7.537057031
,,,,,,,,,,,,,,,7.535189916,1872.8,253.05,1.82,16.2,-12.89,20.70246604,,1879.8,252.9,1.82,16.29,-12.77,25.79744477,7.538920667
,,,,,,,,,,,,,,,7.537057031,1876.3,253.02,1.82,16.24,-12.83,20.69653353,,1883.2,252.86,1.821,16.41,-12.78,25.89816009,7.540727737
,,,,,,,,,,,,,,,7.538920667,1879.8,252.9,1.82,16.29,-12.77,20.69871977,,1886.7,252.84,1.821,16.46,-12.72,25.90088835,7.54258455
,,,,,,,,,,,,,,,7.540727737,1883.2,252.86,1.821,16.41,-12.78,20.79943509,,1890.2,252.8,1.821,16.5,-12.66,25.89597482,7.544437923
,,,,,,,,,,,,,,,7.54258455,1886.7,252.84,1.821,16.46,-12.72,20.80216335,,1893.7,252.77,1.821,16.63,-12.67,26.00532205,7.546287866
,,,,,,,,,,,,,,,7.544437923,1890.2,252.8,1.821,16.5,-12.66,20.79724982,,1897.2,252.64,1.822,16.67,-12.61,26.00090192,7.548134394
,,,,,,,,,,,,,,,7.546287866,1893.7,252.77,1.821,16.63,-12.67,20.90659704,,1900.7,252.62,1.822,16.69,-12.58,25.99878481,7.549977518
,,,,,,,,,,,,,,,7.548134394,1897.2,252.64,1.822,16.67,-12.61,20.90217692,,1904.2,252.58,1.822,16.74,-12.52,26.00274375,7.551817252
,,,,,,,,,,,,,,,7.549977518,1900.7,252.62,1.822,16.69,-12.58,20.90005981,,1907.7,252.55,1.822,16.86,-12.52,26.0989631,7.553653607
,,,,,,,,,,,,,,,7.551817252,1904.2,252.58,1.822,16.74,-12.52,20.90401875,,1911.2,252.42,1.823,16.9,-12.46,26.0954295,7.555486596
,,,,,,,,,,,,,,,7.553653607,1907.7,252.55,1.822,16.86,-12.52,21.00023809,,1914.7,252.4,1.823,16.95,-12.4,26.10021304,7.557316231
,,,,,,,,,,,,,,,7.555486596,1911.2,252.42,1.823,16.9,-12.46,20.9967045,,1917.9,252.36,1.823,17.07,-12.4,26.19718229,7.558986116
,,,,,,,,,,,,,,,7.557316231,1914.7,252.4,1.823,16.95,-12.4,21.00148804,,1921.2,252.33,1.823,17.11,-12.34,26.19440465,7.56070527
,,,,,,,,,,,,,,,7.558986116,1917.9,252.36,1.823,17.07,-12.4,21.09845729,,1924.5,252.21,1.823,17.11,-12.34,26.19440465,7.562421473
,,,,,,,,,,,,,,,7.56070527,1921.2,252.33,1.823,17.11,-12.34,21.09567965,,1927.7,252.18,1.823,17.22,-12.37,26.30120835,7.564082861
,,,,,,,,,,,,,,,7.562421473,1924.5,252.21,1.823,17.11,-12.34,21.09567965,,1931,252.15,1.823,17.22,-12.37,26.30120835,7.565793282
,,,,,,,,,,,,,,,7.564082861,1927.7,252.18,1.823,17.22,-12.37,21.20248335,,1934.3,252.12,1.823,17.32,-12.4,26.39995501,7.567500783
,,,,,,,,,,,,,,,7.565793282,1931,252.15,1.823,17.22,-12.37,21.20248335,,1937.6,251.99,1.823,17.42,-12.43,26.49875537,7.569205373
,,,,,,,,,,,,,,,7.567500783,1934.3,252.12,1.823,17.32,-12.4,21.30123001,,1940.8,251.96,1.824,17.42,-12.43,26.49875537,7.570855538
,,,,,,,,,,,,,,,7.569205373,1937.6,251.99,1.823,17.42,-12.43,21.40003037,,1944.1,251.92,1.824,17.53,-12.45,26.59996683,7.572554424
,,,,,,,,,,,,,,,7.570855538,1940.8,251.96,1.824,17.42,-12.43,21.40003037,,1947.4,251.88,1.824,17.53,-12.45,26.59996683,7.574250429
,,,,,,,,,,,,,,,7.572554424,1944.1,251.92,1.824,17.53,-12.45,21.50124182,,1950.6,251.75,1.824,17.63,-12.48,26.69889398,7.575892297
,,,,,,,,,,,,,,,7.574250429,1947.4,251.88,1.824,17.53,-12.45,21.50124182,,1954.8,251.7,1.825,17.63,-12.48,26.69889398,7.578043165
,,,,,,,,,,,,,,,7.575892297,1950.6,251.75,1.824,17.63,-12.48,21.60016898,,1959.5,251.67,1.825,17.73,-12.51,26.79787245,7.580444618
,,,,,,,,,,,,,,,7.578043165,1954.8,251.7,1.825,17.63,-12.48,21.60016898,,1964.3,251.62,1.825,17.75,-12.48,26.79694843,7.582891227
,,,,,,,,,,,,,,,7.580444618,1959.5,251.67,1.825,17.73,-12.51,21.69914745,,1969.1,251.59,1.825,17.84,-12.54,26.90508187,7.585331865
,,,,,,,,,,,,,,,7.582891227,1964.3,251.62,1.825,17.75,-12.48,21.69822343,,1973.9,251.45,1.825,17.86,-12.5,26.89848647,7.58776656
,,,,,,,,,,,,,,,7.585331865,1969.1,251.59,1.825,17.84,-12.54,21.80635687,,1978.6,251.4,1.825,17.94,-12.56,26.99843276,7.590144803
,,,,,,,,,,,,,,,7.58776656,1973.9,251.45,1.825,17.86,-12.5,21.79976147,,1983.4,251.37,1.825,17.96,-12.53,26.9976405,7.592567823
,,,,,,,,,,,,,,,7.590144803,1978.6,251.4,1.825,17.94,-12.56,21.89970776,,1988.2,251.32,1.825,18.04,-12.59,27.09758179,7.594984986
,,,,,,,,,,,,,,,7.592567823,1983.4,251.37,1.825,17.96,-12.53,21.8989155,,1992.9,251.19,1.826,18.07,-12.56,27.10505364,7.597346143
,,,,,,,,,,,,,,,7.594984986,1988.2,251.32,1.825,18.04,-12.59,21.99885679,,1997.7,251.15,1.826,18.15,-12.61,27.19928156,7.599751798
,,,,,,,,,,,,,,,7.597346143,1992.9,251.19,1.826,18.07,-12.56,22.00632864,,2002.5,251.11,1.826,18.17,-12.58,27.19861867,7.602151679
,,,,,,,,,,,,,,,7.599751798,1997.7,251.15,1.826,18.15,-12.61,22.10055655,,2007.3,251.07,1.826,18.27,-12.61,27.2979367,7.604545814
,,,,,,,,,,,,,,,7.602151679,2002.5,251.11,1.826,18.17,-12.58,22.09989366,,2012,250.94,1.827,18.27,-12.61,27.2979367,7.606884531
,,,,,,,,,,,,,,,7.604545814,2007.3,251.07,1.826,18.27,-12.61,22.1992117,,2016.8,250.89,1.827,18.38,-12.63,27.3998752,7.609267376
,,,,,,,,,,,,,,,7.606884531,2012,250.94,1.827,18.27,-12.61,22.1992117,,2021.5,250.86,1.827,18.38,-12.63,27.3998752,7.611595089
,,,,,,,,,,,,,,,7.609267376,2016.8,250.89,1.827,18.38,-12.63,22.30115019,,2025,250.73,1.827,18.48,-12.66,27.49930535,7.61332498
,,,,,,,,,,,,,,,7.611595089,2021.5,250.86,1.827,18.38,-12.63,22.30115019,,2028.5,250.7,1.827,18.48,-12.66,27.49930535,7.615051883
,,,,,,,,,,,,,,,7.61332498,2025,250.73,1.827,18.48,-12.66,22.40058035,,2032,250.66,1.827,18.59,-12.68,27.60140262,7.616775809
,,,,,,,,,,,,,,,7.615051883,2028.5,250.7,1.827,18.48,-12.66,22.40058035,,2035.5,250.54,1.828,18.59,-12.68,27.60140262,7.618496768
,,,,,,,,,,,,,,,7.616775809,2032,250.66,1.827,18.59,-12.68,22.50267762,,2039,250.51,1.828,18.69,-12.7,27.69531988,7.620214771
,,,,,,,,,,,,,,,7.618496768,2035.5,250.54,1.828,18.59,-12.68,22.50267762,,2042.5,250.48,1.828,18.69,-12.7,27.69531988,7.621929827
,,,,,,,,,,,,,,,7.620214771,2039,250.51,1.828,18.69,-12.7,22.59659488,,2046,250.35,1.829,18.88,-12.78,27.89747058,7.623641947
,,,,,,,,,,,,,,,7.621929827,2042.5,250.48,1.828,18.69,-12.7,22.59659488,,2049.5,250.32,1.829,18.96,-12.84,27.99735378,7.62535114
,,,,,,,,,,,,,,,7.623641947,2046,250.35,1.829,18.88,-12.78,22.79874558,,2053,250.29,1.829,19.15,-12.92,28.19956698,7.627057417
,,,,,,,,,,,,,,,7.62535114,2049.5,250.32,1.829,18.96,-12.84,22.89862878,,2056.4,250.26,1.829,19.23,-12.97,28.29384949,7.62871216
,,,,,,,,,,,,,,,7.627057417,2053,250.29,1.829,19.15,-12.92,23.10084198,,2059.9,250.13,1.829,19.42,-13.05,28.49613725,7.630412717
,,,,,,,,,,,,,,,7.62871216,2056.4,250.26,1.829,19.23,-12.97,23.19512449,,2063.4,250.1,1.829,19.51,-13.11,28.60430306,7.632110387
,,,,,,,,,,,,,,,7.630412717,2059.9,250.13,1.829,19.42,-13.05,23.39741225,,2066.9,250.07,1.829,19.69,-13.18,28.79278544,7.633805179
,,,,,,,,,,,,,,,7.632110387,2063.4,250.1,1.829,19.51,-13.11,23.50557806,,2070.4,250.04,1.829,19.86,-13.3,29.00080859,7.635497104
,,,,,,,,,,,,,,,7.633805179,2066.9,250.07,1.829,19.69,-13.18,23.69406044,,2073.9,249.91,1.83,19.94,-13.35,29.09510181,7.637186172
,,,,,,,,,,,,,,,7.635497104,2070.4,250.04,1.829,19.86,-13.3,23.90208359,,2077.4,249.87,1.83,20.13,-13.43,29.29752249,7.638872391
,,,,,,,,,,,,,,,7.637186172,2073.9,249.91,1.83,19.94,-13.35,23.99637681,,2080.9,249.85,1.83,20.22,-13.48,29.4001406,7.640555771
,,,,,,,,,,,,,,,7.638872391,2077.4,249.87,1.83,20.13,-13.43,24.19879749,,2084.8,249.81,1.83,20.41,-13.56,29.60263693,7.642428206
,,,,,,,,,,,,,,,7.640555771,2080.9,249.85,1.83,20.22,-13.48,24.3014156,,2088.8,249.77,1.83,20.49,-13.61,29.69694038,7.644345017
,,,,,,,,,,,,,,,7.642428206,2084.8,249.81,1.83,20.41,-13.56,24.50391193,,2092.7,249.74,1.83,20.68,-13.69,29.8995012,7.646210377
,,,,,,,,,,,,,,,7.644345017,2088.8,249.77,1.83,20.49,-13.61,24.59821538,,2096.6,249.7,1.83,20.76,-13.74,29.99380885,7.648072264
,,,,,,,,,,,,,,,7.646210377,2092.7,249.74,1.83,20.68,-13.69,24.8007762,,2100.5,249.76,1.83,20.93,-13.85,30.19628265,7.649930691
,,,,,,,,,,,,,,,7.648072264,2096.6,249.7,1.83,20.76,-13.74,24.89508385,,2104.5,249.73,1.83,21.04,-13.87,30.29909206,7.651833188
,,,,,,,,,,,,,,,7.649930691,2100.5,249.76,1.83,20.93,-13.85,25.09755765,,2108.4,249.69,1.83,21.21,-13.98,30.50156933,7.653684645
,,,,,,,,,,,,,,,7.651833188,2104.5,249.73,1.83,21.04,-13.87,25.20036706,,2112.3,249.66,1.829,21.29,-14.04,30.60138565,7.65553268
,,,,,,,,,,,,,,,7.653684645,2108.4,249.69,1.83,21.21,-13.98,25.40284433,,2116.2,249.62,1.829,21.48,-14.11,30.79857909,7.657377306
,,,,,,,,,,,,,,,7.65553268,2112.3,249.66,1.829,21.29,-14.04,25.50266065,,2120.2,249.68,1.219,21.56,-14.16,30.89289489,7.659265703
,,,,,,,,,,,,,,,7.657377306,2116.2,249.62,1.829,21.48,-14.11,25.69985409,,2124.1,249.64,1.219,21.76,-14.24,31.10401677,7.661103462
,,,,,,,,,,,,,,,7.659265703,2120.2,249.68,1.219,21.56,-14.16,25.79416988,,2128,249.61,1.219,21.84,-14.29,31.19833611,7.66293785
,,,,,,,,,,,,,,,7.661103462,2124.1,249.64,1.219,21.76,-14.24,26.00529177,,2132,249.58,1.219,22.01,-14.4,31.40081807,7.664815785
,,,,,,,,,,,,,,,7.66293785,2128,249.61,1.219,21.84,-14.29,26.09961111,,2135.3,249.64,1.219,22.12,-14.42,31.50385329,7.666362431
,,,,,,,,,,,,,,,7.664815785,2132,249.58,1.219,22.01,-14.4,26.30209307,,2137.9,249.71,1.218,22.28,-14.53,31.69795995,7.667579318
,,,,,,,,,,,,,,,7.666362431,2135.3,249.64,1.219,22.12,-14.42,26.40512829,,2140.6,249.78,1.218,22.37,-14.58,31.80065939,7.668841443
,,,,,,,,,,,,,,,7.667579318,2137.9,249.71,1.218,22.28,-14.53,26.59923495,,2143.3,249.85,0.609,22.56,-14.65,31.99809488,7.670101976
,,,,,,,,,,,,,,,7.668841443,2140.6,249.78,1.218,22.37,-14.58,26.70193439,,2146,249.91,0.608,22.64,-14.71,32.09786758,7.671360923
,,,,,,,,,,,,,,,7.670101976,2143.3,249.85,0.609,22.56,-14.65,26.89936988,,2148.6,249.98,0.608,22.81,-14.81,32.29490488,7.672571746
,,,,,,,,,,,,,,,7.671360923,2146,249.91,0.608,22.64,-14.71,26.99914258,,2151.3,249.96,0.608,22.95,-14.79,32.40159298,7.67382759
,,,,,,,,,,,,,,,7.672571746,2148.6,249.98,0.608,22.81,-14.81,27.19617988,,2154,250.03,0.608,22.97,-14.75,32.39677255,7.675081858
,,,,,,,,,,,,,,,7.67382759,2151.3,249.96,0.608,22.95,-14.79,27.30286798,,2156.6,250,0.608,23.08,-14.76,32.49478311,7.676288186
,,,,,,,,,,,,,,,7.675081858,2154,250.03,0.608,22.97,-14.75,27.29804755,,2159.3,249.98,0.608,23.11,-14.72,32.49855164,7.677539374
,,,,,,,,,,,,,,,7.676288186,2156.6,250,0.608,23.08,-14.76,27.39605811,,2162,249.95,0.608,23.24,-14.69,32.59224606,7.678788998
,,,,,,,,,,,,,,,7.677539374,2159.3,249.98,0.608,23.11,-14.72,27.39982664,,2164.7,249.92,0.608,23.27,-14.65,32.59627762,7.680037063
,,,,,,,,,,,,,,,7.678788998,2162,249.95,0.608,23.24,-14.69,27.49352105,,2167.3,249.91,0.608,23.38,-14.67,32.70005287,7.681237432
,,,,,,,,,,,,,,,7.680037063,2164.7,249.92,0.608,23.27,-14.65,27.49755262,,2170,249.88,0.608,23.49,-14.68,32.79858962,7.682482447
,,,,,,,,,,,,,,,7.681237432,2167.3,249.91,0.608,23.38,-14.67,27.60132787,,2172.7,249.85,0.608,23.54,-14.6,32.79875388,7.683725913
,,,,,,,,,,,,,,,7.682482447,2170,249.88,0.608,23.49,-14.68,27.69986462,,2175.3,249.73,0.608,23.65,-14.61,32.89754872,7.684921865
,,,,,,,,,,,,,,,7.683725913,2172.7,249.85,0.608,23.54,-14.6,27.70002888,,2178,249.71,0.608,23.68,-14.57,32.9020935,7.686162303
,,,,,,,,,,,,,,,7.684921865,2175.3,249.73,0.608,23.65,-14.61,27.79882372,,2180.7,249.68,0.608,23.79,-14.58,33.00106361,7.687401205
,,,,,,,,,,,,,,,7.686162303,2178,249.71,0.608,23.68,-14.57,27.8033685,,2183.3,249.66,0.608,23.92,-14.55,33.09638383,7.688592773
,,,,,,,,,,,,,,,7.687401205,2180.7,249.68,0.608,23.79,-14.58,27.90233861,,2186,249.64,0.608,23.95,-14.5,33.09609095,7.689828669
,,,,,,,,,,,,,,,7.688592773,2183.3,249.66,0.608,23.92,-14.55,27.99765883,,2188.7,249.61,0.608,24.06,-14.51,33.19540986,7.691063039
,,,,,,,,,,,,,,,7.689828669,2186,249.64,0.608,23.95,-14.5,27.99736595,,2191.3,249.58,0.608,24.09,-14.47,33.20048651,7.692250254
,,,,,,,,,,,,,,,7.691063039,2188.7,249.61,0.608,24.06,-14.51,28.09668486,,2194,249.57,0.608,24.2,-14.48,33.2999732,7.693481641
,,,,,,,,,,,,,,,7.692250254,2191.3,249.58,0.608,24.09,-14.47,28.10176151,,2196.7,249.45,0.608,24.25,-14.4,33.30196063,7.694711513
,,,,,,,,,,,,,,,7.693481641,2194,249.57,0.608,24.2,-14.48,28.2012482,,2199.3,249.42,0.608,24.36,-14.41,33.40168774,7.695894407
,,,,,,,,,,,,,,,7.694711513,2196.7,249.45,0.608,24.25,-14.4,28.20323563,,2202,249.4,0.608,24.47,-14.41,33.49641857,7.697121317
,,,,,,,,,,,,,,,7.695894407,2199.3,249.42,0.608,24.36,-14.41,28.30296274,,2204.7,249.37,0.608,24.5,-14.37,33.5020153,7.698346724
,,,,,,,,,,,,,,,7.697121317,2202,249.4,0.608,24.47,-14.41,28.39769357,,2207.5,249.34,0.608,24.61,-14.38,33.60199674,7.699615932
,,,,,,,,,,,,,,,7.698346724,2204.7,249.37,0.608,24.5,-14.37,28.4032903,,2210.3,249.33,0.608,24.66,-14.29,33.59994778,7.700883532
,,,,,,,,,,,,,,,7.699615932,2207.5,249.34,0.608,24.61,-14.38,28.50327174,,2213.2,249.3,0.608,24.77,-14.3,33.70017427,7.702194711
,,,,,,,,,,,,,,,7.700883532,2210.3,249.33,0.608,24.66,-14.29,28.50122278,,2216,249.18,0.609,24.88,-14.31,33.80047582,7.703459048
,,,,,,,,,,,,,,,7.702194711,2213.2,249.3,0.608,24.77,-14.3,28.60144926,,2218.8,249.16,0.609,24.9,-14.26,33.79293348,7.704721788
,,,,,,,,,,,,,,,7.703459048,2216,249.18,0.609,24.88,-14.31,28.70175082,,2221.7,249.13,0.609,25.02,-14.27,33.90208071,7.706027948
,,,,,,,,,,,,,,,7.704721788,2218.8,249.16,0.609,24.9,-14.26,28.69420847,,2224.5,249.1,0.609,25.13,-14.27,33.99768346,7.70728745
,,,,,,,,,,,,,,,7.706027948,2221.7,249.13,0.609,25.02,-14.27,28.80335571,,2227.4,249.09,0.609,25.15,-14.23,33.99535802,7.708590265
,,,,,,,,,,,,,,,7.70728745,2224.5,249.1,0.609,25.13,-14.27,28.89895846,,2230.2,249.06,0.609,25.29,-14.19,34.09769395,7.709846547
,,,,,,,,,,,,,,,7.708590265,2227.4,249.09,0.609,25.15,-14.23,28.89663302,,2233.1,249.03,0.609,25.29,-14.19,34.09769395,7.711146034
,,,,,,,,,,,,,,,7.709846547,2230.2,249.06,0.609,25.29,-14.19,28.99896895,,2235.9,248.91,0.609,25.4,-14.2,34.19855318,7.712399111
,,,,,,,,,,,,,,,7.711146034,2233.1,249.03,0.609,25.29,-14.19,28.99896895,,2238.7,248.89,0.609,25.49,-14.25,34.30150911,7.713650619
,,,,,,,,,,,,,,,7.712399111,2235.9,248.91,0.609,25.4,-14.2,29.09982818,,2241.6,248.86,0.609,25.51,-14.2,34.29461684,7.714945176
,,,,,,,,,,,,,,,7.713650619,2238.7,248.89,0.609,25.49,-14.25,29.20278411,,2244.5,248.84,0.609,25.63,-14.2,34.39952533,7.716238058
,,,,,,,,,,,,,,,7.714945176,2241.6,248.86,0.609,25.51,-14.2,29.19589183,,2247.3,248.82,0.609,25.71,-14.25,34.49373478,7.717484775
,,,,,,,,,,,,,,,7.716238058,2244.5,248.84,0.609,25.63,-14.2,29.30080033,,2250.2,248.79,0.609,25.74,-14.21,34.5006246,7.71877438
,,,,,,,,,,,,,,,7.717484775,2247.3,248.82,0.609,25.71,-14.25,29.39500978,,2253.1,248.76,0.609,25.83,-14.26,34.60358053,7.720062325
,,,,,,,,,,,,,,,7.71877438,2250.2,248.79,0.609,25.74,-14.21,29.4018996,,2255.9,248.73,0.609,25.94,-14.26,34.69992768,7.721304285
,,,,,,,,,,,,,,,7.720062325,2253.1,248.76,0.609,25.83,-14.26,29.50485553,,2258.8,248.71,0.609,25.96,-14.21,34.6934154,7.722588978
,,,,,,,,,,,,,,,7.721304285,2255.9,248.73,0.609,25.94,-14.26,29.60120268,,2261.7,248.69,0.609,26.05,-14.26,34.79636969,7.723872022
,,,,,,,,,,,,,,,7.722588978,2258.8,248.71,0.609,25.96,-14.21,29.5946904,,,,,,,,
,,,,,,,,,,,,,,,7.723872022,2261.7,248.69,0.609,26.05,-14.26,29.69764469,,,,,,,,